iteration,reward_mean,length_mean,games,loss
2000,-1.0,2.0,9,0.038413699716329575
4000,-1.0,2.0,8,0.011633691377937794
6000,-1.0,2.0,8,0.010678851045668125
8000,-1.0,2.0,8,0.010034882463514805
10000,-0.4,2.0,10,0.0030060787685215473
12000,-1.0,2.0,8,0.003904506331309676
14000,-0.25,2.0,8,0.001391629921272397
16000,0.0,2.0,8,0.00790440198034048
18000,0.0,2.0,8,0.001706638839095831
20000,0.0,2.0,8,0.0019360576989129186
22000,0.0,2.0,8,0.003531182184815407
24000,-0.12,2.12,8,0.0009058393770828843
26000,0.0,2.0,8,0.003115370636805892
28000,0.0,2.0,8,0.0014621480368077755
30000,0.25,2.25,8,0.0012672179145738482
32000,0.0,2.0,8,0.000780481263063848
34000,0.33,2.56,9,0.001835195696912706
36000,0.38,2.38,8,0.0036948074121028185
38000,0.25,2.25,8,0.0014694714918732643
40000,0.25,2.25,8,0.0010553670581430197
42000,0.25,2.25,8,0.0006225894903764129
44000,0.9,3.3,10,0.0030214504804462194
46000,0.89,3.33,9,0.004512347746640444
48000,0.5,2.62,8,0.0012864512391388416
50000,0.38,2.5,8,0.002724009333178401
52000,0.25,2.25,8,0.001619468443095684
54000,1.0,3.12,8,0.0013911015121266246
56000,1.0,3.22,9,0.004521732218563557
58000,0.62,2.75,8,0.0037573245353996754
60000,0.62,2.62,8,0.0022917729802429676
62000,1.56,3.89,9,0.00464129913598299
64000,0.88,3.0,8,0.004013797268271446
66000,2.75,5.75,8,0.0016086481045931578
68000,0.88,2.88,8,0.0021356847137212753
70000,1.89,4.33,9,0.002903806045651436
72000,3.38,6.38,8,0.008333520963788033
74000,1.89,4.44,9,0.0019910363480448723
76000,2.88,5.88,8,0.002405395032837987
78000,1.67,4.0,9,0.003305274760350585
80000,3.0,6.0,8,0.004780522082000971
82000,3.5,6.5,8,0.004194304812699556
84000,3.89,6.89,9,0.005084493663161993
86000,5.38,8.38,8,0.0038209364283829927
88000,4.12,7.12,8,0.004441170487552881
90000,3.38,6.38,8,0.00530317472293973
92000,5.38,8.38,8,0.009752643294632435
94000,4.62,7.62,8,0.007475546561181545
96000,5.62,8.62,8,0.0036033059004694223
98000,6.5,9.5,8,0.009841585531830788
100000,4.88,7.88,8,0.003128024283796549
102000,4.56,7.56,9,0.0038440695498138666
104000,3.88,6.88,8,0.010821718722581863
106000,7.75,10.75,8,0.004385010339319706
108000,6.88,9.88,8,0.00435281079262495
110000,4.12,7.12,8,0.0035271155647933483
112000,5.38,8.38,8,0.004822607152163982
114000,4.38,7.38,8,0.012253031134605408
116000,7.12,10.12,8,0.010245850309729576
118000,4.38,7.38,8,0.0058528040535748005
120000,7.62,10.62,8,0.005305344704538584
122000,5.75,8.75,8,0.0032549374736845493
124000,6.38,9.38,8,0.011255667544901371
126000,8.88,11.88,8,0.003807184286415577
128000,7.25,10.25,8,0.013493966311216354
130000,9.12,12.12,8,0.00415367167443037
132000,7.25,10.25,8,0.0037339990958571434
134000,11.0,14.0,8,0.013703894801437855
136000,9.38,12.38,8,0.013813510537147522
138000,6.62,9.62,8,0.007175215985625982
140000,7.88,10.88,8,0.004147222265601158
142000,12.0,15.0,8,0.003737166989594698
144000,7.38,10.38,8,0.003905115183442831
146000,11.25,14.25,8,0.011721203103661537
148000,10.0,13.0,8,0.0035488305147737265
150000,7.88,10.88,8,0.0043074288405478
152000,8.38,11.38,8,0.004476642701774836
154000,7.12,10.12,8,0.006490400992333889
156000,11.62,14.62,8,0.030841868370771408
158000,10.25,13.25,8,0.016112903133034706
160000,7.25,10.25,8,0.008065142668783665
162000,9.25,12.25,8,0.0026034715119749308
164000,12.62,15.62,8,0.011534648947417736
166000,15.38,18.38,8,0.003355406690388918
168000,10.12,13.12,8,0.02225496433675289
170000,9.11,12.11,9,0.015233923681080341
172000,9.88,12.88,8,0.018325544893741608
174000,12.75,15.75,8,0.0037205249536782503
176000,9.25,12.25,8,0.0042441654950380325
178000,10.62,13.62,8,0.003298357827588916
180000,10.38,13.38,8,0.005379257723689079
182000,8.12,11.12,8,0.0038125317078083754
184000,8.38,11.38,8,0.023246698081493378
186000,15.0,18.0,8,0.004225399345159531
188000,14.78,17.78,9,0.008621126413345337
190000,11.62,14.62,8,0.003939407411962748
192000,12.88,15.88,8,0.00724523700773716
194000,15.38,18.38,8,0.0064317286014556885
196000,11.25,14.25,8,0.02337760105729103
198000,12.62,15.62,8,0.010269294492900372
200000,14.62,17.62,8,0.009172935038805008
202000,9.62,12.62,8,0.008018390275537968
204000,13.12,16.12,8,0.014532438479363918
206000,10.62,13.62,8,0.004338553640991449
208000,13.12,16.12,8,0.004677894059568644
210000,10.38,13.38,8,0.005218456033617258
212000,12.0,15.0,8,0.005431327503174543
214000,10.12,13.12,8,0.005781628657132387
216000,9.0,12.0,8,0.016326511278748512
218000,16.0,19.0,8,0.03808034956455231
220000,11.5,14.5,8,0.025796931236982346
222000,9.5,12.5,8,0.004542616195976734
224000,13.5,16.5,8,0.005811918061226606
226000,14.62,17.62,8,0.010623871348798275
228000,11.5,14.5,8,0.01005048118531704
230000,18.75,21.75,8,0.005103892181068659
232000,11.75,14.75,8,0.01010176446288824
234000,11.62,14.62,8,0.0033201633486896753
236000,9.5,12.5,8,0.00804633554071188
238000,14.0,17.0,8,0.009534314274787903
240000,14.5,17.5,8,0.008515497669577599
242000,11.38,14.38,8,0.010745350271463394
244000,12.88,15.88,8,0.021422484889626503
246000,14.38,17.38,8,0.007219415623694658
248000,12.5,15.5,8,0.005055360030382872
250000,18.5,21.5,8,0.04373622313141823
252000,12.0,15.0,8,0.0270191989839077
254000,13.38,16.38,8,0.0072048138827085495
256000,13.75,16.75,8,0.009728075005114079
258000,14.75,17.75,8,0.004551235120743513
260000,15.38,18.38,8,0.011506829410791397
262000,17.25,20.25,8,0.004721314180642366
264000,17.5,20.5,8,0.0051869736053049564
266000,14.75,17.75,8,0.011380358599126339
268000,15.62,18.62,8,0.013662341050803661
270000,12.75,15.75,8,0.0053286426700651646
272000,10.0,12.6,10,0.006241540424525738
274000,16.12,19.12,8,0.005510296672582626
276000,11.75,14.75,8,0.0050275009125471115
278000,12.88,15.88,8,0.031307995319366455
280000,10.33,12.89,9,0.01735915057361126
282000,17.88,20.88,8,0.011578250676393509
284000,15.12,18.12,8,0.021263161674141884
286000,15.88,18.88,8,0.00959570799022913
288000,13.62,16.62,8,0.05680374056100845
290000,16.88,19.88,8,0.012735331431031227
292000,15.88,18.88,8,0.011196581646800041
294000,11.62,14.62,8,0.003980061039328575
296000,12.0,15.0,8,0.006036260165274143
298000,11.4,14.0,10,0.015021060593426228
300000,14.38,17.38,8,0.0037765048909932375
302000,13.0,16.0,8,0.015410451218485832
304000,12.12,15.12,8,0.027750348672270775
306000,9.64,12.27,11,0.030738702043890953
308000,11.25,13.75,12,0.011234215460717678
310000,11.12,14.12,8,0.018412822857499123
312000,6.2,8.7,10,0.016942057758569717
314000,9.0,11.38,8,0.02612832561135292
316000,17.25,20.25,8,0.005116915330290794
318000,12.56,15.33,9,0.03374435752630234
320000,8.67,11.0,9,0.0034582994412630796
322000,10.2,12.8,10,0.026091676205396652
324000,17.0,20.0,8,0.006504065822809935
326000,16.0,18.64,11,0.002228696132078767
328000,11.2,13.8,10,0.005630072206258774
330000,12.12,14.62,8,0.00971661601215601
332000,9.12,11.25,8,0.009544337168335915
334000,4.25,6.62,8,0.006001582369208336
336000,11.56,14.11,9,0.0014524139696732163
338000,16.75,19.75,8,0.013848336413502693
340000,8.38,10.62,8,0.017739972099661827
342000,11.38,14.38,8,0.0023417375050485134
344000,15.0,18.0,8,0.006645936518907547
346000,15.75,18.75,8,0.01608913019299507
348000,7.78,10.22,9,0.009929007850587368
350000,12.0,14.58,12,0.016818972304463387
352000,11.5,14.5,8,0.003657118882983923
354000,8.45,10.82,11,0.005751006305217743
356000,7.11,9.44,9,0.01082662120461464
358000,6.62,8.62,8,0.002391110872849822
360000,13.42,16.0,12,0.00909124780446291
362000,16.5,19.5,8,0.005384216085076332
364000,15.5,18.5,8,0.004031265154480934
366000,10.33,12.89,9,0.01041620597243309
368000,15.25,18.25,8,0.00538984639570117
370000,13.0,15.6,10,0.01075259130448103
372000,9.73,12.36,11,0.0024209024850279093
374000,4.12,6.38,8,0.0040508657693862915
376000,4.64,7.0,11,0.010607270523905754
378000,12.12,15.12,8,0.005997206084430218
380000,11.38,14.38,8,0.004354833159595728
382000,10.62,13.62,8,0.004686684813350439
384000,10.78,13.11,9,0.004282569512724876
386000,16.38,19.38,8,0.005302510689944029
388000,12.09,14.55,11,0.008211885578930378
390000,14.12,17.12,8,0.014272985979914665
392000,14.88,17.88,8,0.019464854151010513
394000,18.12,21.12,8,0.037762101739645004
396000,17.75,20.75,8,0.003262596670538187
398000,11.64,14.27,11,0.004749720916152
400000,4.62,6.88,8,0.009280817583203316
402000,14.12,17.12,8,0.01171198021620512
404000,12.12,15.12,8,0.00879214983433485
406000,12.8,15.5,10,0.005238772369921207
408000,8.23,10.77,13,0.011255581863224506
410000,20.38,23.38,8,0.0030123121105134487
412000,12.88,15.88,8,0.006608356721699238
414000,8.44,10.89,9,0.014925509691238403
416000,14.25,17.25,8,0.003830940928310156
418000,14.62,17.62,8,0.002686260035261512
420000,15.75,18.75,8,0.023944701999425888
422000,11.75,14.75,8,0.0069758109748363495
424000,18.12,21.12,8,0.007472618483006954
426000,15.12,18.12,8,0.0035342436749488115
428000,13.0,16.0,8,0.004044013563543558
430000,11.6,14.3,10,0.0041291662491858006
432000,12.25,15.25,8,0.005448132753372192
434000,5.11,7.56,9,0.01943104714155197
436000,9.08,11.5,12,0.018204329535365105
438000,8.11,10.44,9,0.002515131840482354
440000,10.27,12.82,11,0.005538794212043285
442000,12.88,15.88,8,0.017273807898163795
444000,4.25,6.25,8,0.0031009712256491184
446000,5.8,8.3,10,0.002875667531043291
448000,7.88,10.12,8,0.00524077657610178
450000,17.12,20.12,8,0.005494697950780392
452000,13.5,16.5,8,0.0078737773001194
454000,2.0,4.12,8,0.006320652086287737
456000,15.88,18.88,8,0.004372031893581152
458000,4.25,6.38,8,0.0069421520456671715
460000,17.5,20.5,8,0.0029701641760766506
462000,15.2,17.9,10,0.009597455151379108
464000,15.75,18.75,8,0.012976400554180145
466000,9.4,11.8,10,0.010368065908551216
468000,11.88,14.88,8,0.004745061509311199
470000,9.27,11.82,11,0.011830930598080158
472000,17.75,20.75,8,0.0035597304813563824
474000,5.0,7.22,9,0.005176670383661985
476000,8.88,11.5,8,0.010320370085537434
478000,16.25,19.25,8,0.006508284714072943
480000,7.25,9.5,8,0.0026912924367934465
482000,14.08,16.67,12,0.00614190474152565
484000,13.12,16.12,8,0.001607934245839715
486000,13.62,16.62,8,0.024274704977869987
488000,9.17,11.75,12,0.002805763855576515
490000,18.0,21.0,8,0.004875360522419214
492000,6.11,8.56,9,0.003795328550040722
494000,11.4,13.9,10,0.0062966737896203995
496000,9.12,11.38,8,0.01013804692775011
498000,11.36,13.91,11,0.007169570308178663
500000,14.75,17.75,8,0.005492442287504673
502000,6.62,8.88,8,0.008473429828882217
504000,15.0,18.0,8,0.00612799683585763
506000,11.11,13.56,9,0.002930314978584647
508000,17.75,20.75,8,0.002454207045957446
510000,15.75,18.75,8,0.008558649569749832
512000,12.92,15.5,12,0.008084051311016083
514000,10.0,12.22,9,0.01330106146633625
516000,11.3,13.7,10,0.011028597131371498
518000,8.11,10.44,9,0.02156955935060978
520000,6.25,8.5,8,0.005108007229864597
522000,10.0,12.5,10,0.005094017833471298
524000,7.8,10.2,10,0.0057238684967160225
526000,11.18,13.82,11,0.006931148935109377
528000,19.25,22.25,8,0.006770948879420757
530000,1.38,3.5,8,0.0036734268069267273
532000,7.25,9.5,8,0.002761082723736763
534000,7.67,10.11,9,0.010548343881964684
536000,10.3,12.8,10,0.0031676567159593105
538000,7.33,9.78,9,0.01630324497818947
540000,6.33,8.56,9,0.002939455443993211
542000,8.0,10.5,10,0.0062379613518714905
544000,6.88,9.25,8,0.012042487040162086
546000,6.33,8.67,9,0.01178937591612339
548000,10.25,12.83,12,0.007463322952389717
550000,6.67,9.11,9,0.0094717713072896
552000,5.89,8.22,9,0.003136255545541644
554000,3.38,5.5,8,0.004970245063304901
556000,15.75,18.75,8,0.0022774271201342344
558000,17.25,20.25,8,0.00354642397724092
560000,6.1,8.5,10,0.0057898350059986115
562000,11.75,14.75,8,0.01075042225420475
564000,16.88,19.62,8,0.0028271398041397333
566000,11.45,14.09,11,0.0020060602109879255
568000,10.6,13.1,10,0.007477245759218931
570000,9.38,11.75,8,0.015373065136373043
572000,6.4,8.8,10,0.003188828472048044
574000,3.88,6.12,8,0.00759538821876049
576000,9.89,12.33,9,0.00653876131400466
578000,10.42,13.0,12,0.009216845035552979
580000,9.9,12.4,10,0.00953852478414774
582000,15.12,18.12,8,0.004100174643099308
584000,1.38,3.5,8,0.0028772891964763403
586000,7.5,9.75,8,0.002326315501704812
588000,8.78,11.22,9,0.008175835013389587
590000,6.1,8.5,10,0.004012598656117916
592000,10.5,13.1,10,0.006204600445926189
594000,3.25,5.62,8,0.002144662430509925
596000,14.0,16.5,10,0.007362339645624161
598000,13.88,16.88,8,0.002165391808375716
600000,9.33,11.56,9,0.00582939013838768
602000,8.44,10.89,9,0.0031301556155085564
604000,12.4,14.9,10,0.004632627125829458
606000,6.0,8.4,10,0.0027824637945741415
608000,12.73,15.36,11,0.002921381965279579
610000,7.6,10.0,10,0.003982765134423971
612000,14.56,17.11,9,0.014320703223347664
614000,14.62,17.62,8,0.013581084087491035
616000,15.75,18.75,8,0.006606711074709892
618000,16.5,19.5,8,0.0028511302080005407
620000,17.75,20.75,8,0.007310140877962112
622000,12.11,14.78,9,0.024061622098088264
624000,19.38,22.38,8,0.0028428263030946255
626000,18.38,21.38,8,0.013765129260718822
628000,7.56,9.89,9,0.003245632629841566
630000,12.0,14.56,9,0.004593797493726015
632000,19.5,22.5,8,0.00423603318631649
634000,9.0,11.5,12,0.0037550250999629498
636000,17.5,20.5,8,0.006456978153437376
638000,12.17,14.75,12,0.009310781955718994
640000,13.88,16.88,8,0.008077172562479973
642000,12.73,15.36,11,0.005886897910386324
644000,16.62,19.62,8,0.004422865342348814
646000,15.75,18.75,8,0.018778104335069656
648000,15.75,18.75,8,0.002350037917494774
650000,20.5,23.5,8,0.00524728512391448
652000,16.67,19.44,9,0.003053529653698206
654000,17.62,20.62,8,0.009154161438345909
656000,11.75,14.75,8,0.006135067902505398
658000,16.38,19.38,8,0.005386092700064182
660000,18.62,21.62,8,0.0025699869729578495
662000,6.09,8.64,11,0.00833787303417921
664000,12.88,15.88,8,0.007868100889027119
666000,15.5,18.5,8,0.004366567824035883
668000,19.62,22.62,8,0.008986355736851692
670000,13.62,16.62,8,0.005106261465698481
672000,18.5,21.5,8,0.003401012159883976
674000,15.0,18.0,8,0.0062950123101472855
676000,12.33,14.92,12,0.0031625330448150635
678000,9.7,12.4,10,0.015337847173213959
680000,9.0,11.56,9,0.008211943320930004
682000,16.75,19.75,8,0.0065138209611177444
684000,18.88,21.88,8,0.0029273845721036196
686000,8.38,10.75,8,0.006217502523213625
688000,11.9,14.5,10,0.012495946139097214
690000,9.78,12.0,9,0.002596545033156872
692000,20.25,23.25,8,0.0037275105714797974
694000,25.12,28.12,8,0.0059057436883449554
696000,5.33,7.67,9,0.00832975935190916
698000,12.75,15.75,8,0.008548633195459843
700000,9.08,11.62,13,0.004333690740168095
702000,6.5,8.88,8,0.003916324581950903
704000,12.12,15.12,8,0.0028168982826173306
706000,10.0,12.6,10,0.005402295850217342
708000,17.12,20.12,8,0.0025951098650693893
710000,24.0,27.0,8,0.013633479364216328
712000,17.62,20.62,8,0.0093352310359478
714000,5.78,8.11,9,0.00374066224321723
716000,15.0,17.7,10,0.012408098205924034
718000,10.75,13.75,8,0.004647481255233288
720000,13.0,15.55,11,0.011458673514425755
722000,11.1,13.6,10,0.019025441259145737
724000,15.75,18.75,8,0.002376135438680649
726000,14.5,17.5,8,0.0060561844147741795
728000,13.0,15.55,11,0.009451707825064659
730000,23.5,26.5,8,0.004367506597191095
732000,8.89,11.44,9,0.0036587463691830635
734000,15.38,18.38,8,0.002876438433304429
736000,12.88,15.88,8,0.004784215707331896
738000,18.5,21.5,8,0.0027166742365807295
740000,10.58,13.17,12,0.003453826531767845
742000,13.5,16.5,8,0.0049474406987428665
744000,14.12,17.12,8,0.005117536056786776
746000,11.75,14.75,8,0.005212780088186264
748000,13.38,16.0,8,0.005395584739744663
750000,12.73,15.36,11,0.002066858811303973
752000,8.55,10.91,11,0.003336154855787754
754000,11.73,14.27,11,0.010663919150829315
756000,15.62,18.62,8,0.002055847318843007
758000,13.62,16.62,8,0.012482416816055775
760000,20.12,23.12,8,0.003710630349814892
762000,14.7,17.4,10,0.028340909630060196
764000,16.75,19.75,8,0.0047691697254776955
766000,12.62,15.62,8,0.004204730968922377
768000,14.75,17.75,8,0.00791002344340086
770000,9.11,11.56,9,0.005726240575313568
772000,9.6,12.0,10,0.002839326858520508
774000,14.75,17.75,8,0.003663655836135149
776000,13.88,16.88,8,0.007182244211435318
778000,16.75,19.75,8,0.003094857092946768
780000,16.12,19.12,8,0.02397945150732994
782000,14.25,16.83,12,0.022571180015802383
784000,19.25,22.25,8,0.003805654589086771
786000,10.82,13.36,11,0.00420963391661644
788000,13.12,16.12,8,0.00468232948333025
790000,14.62,17.62,8,0.017068317160010338
792000,15.12,18.12,8,0.005815278738737106
794000,13.2,15.9,10,0.00336971553042531
796000,14.1,16.8,10,0.007455823011696339
798000,17.5,20.5,8,0.007274434436112642
800000,17.25,20.25,8,0.0031589719001203775
802000,14.38,17.38,8,0.009813721291720867
804000,12.38,15.38,8,0.021412581205368042
806000,15.75,18.75,8,0.025184687227010727
808000,17.75,20.75,8,0.004133228212594986
810000,11.5,13.9,10,0.010125809349119663
812000,15.88,18.38,8,0.004294324200600386
814000,16.12,19.12,8,0.003662480041384697
816000,17.0,20.0,8,0.015338046476244926
818000,21.0,24.0,8,0.015099683776497841
820000,17.62,20.62,8,0.004655637312680483
822000,18.0,21.0,8,0.012822167947888374
824000,11.64,14.18,11,0.003287422703579068
826000,16.12,19.12,8,0.007244596723467112
828000,7.56,10.11,9,0.010240733623504639
830000,9.4,11.9,10,0.004356116987764835
832000,17.62,20.62,8,0.014522382989525795
834000,16.0,19.0,8,0.0071767098270356655
836000,16.62,19.62,8,0.002347629051655531
838000,9.15,11.69,13,0.004548179917037487
840000,11.73,14.36,11,0.0037613187450915575
842000,13.0,15.58,12,0.0024094856344163418
844000,19.12,22.12,8,0.01862398348748684
846000,7.27,9.73,11,0.002763279713690281
848000,15.25,18.25,8,0.003922790754586458
850000,15.12,18.12,8,0.0034165384713560343
852000,13.8,16.4,10,0.011932909488677979
854000,14.88,17.88,8,0.0100143663585186
856000,18.5,21.5,8,0.0033640367910265923
858000,8.7,11.1,10,0.0026872623711824417
860000,20.38,23.38,8,0.0028118283953517675
862000,12.75,15.75,8,0.0033646151423454285
864000,11.89,14.56,9,0.002512058475986123
866000,18.62,21.62,8,0.007789064198732376
868000,15.5,18.5,8,0.0022102247457951307
870000,8.9,11.4,10,0.0035831453278660774
872000,20.0,23.0,8,0.004546852316707373
874000,18.38,21.38,8,0.006276877596974373
876000,18.12,21.12,8,0.0042483387514948845
878000,20.25,23.25,8,0.004411768633872271
880000,7.2,9.7,10,0.022064968943595886
882000,17.38,20.38,8,0.014844249933958054
884000,18.75,21.75,8,0.004582548048347235
886000,19.0,22.0,8,0.013149498030543327
888000,19.38,22.38,8,0.006512742023915052
890000,17.25,20.25,8,0.006895396858453751
892000,19.5,22.5,8,0.003794753458350897
894000,15.75,18.75,8,0.0028397671412676573
896000,17.12,20.12,8,0.003029381623491645
898000,20.5,23.5,8,0.018087448552250862
900000,13.38,16.38,8,0.00356010883115232
902000,18.62,21.62,8,0.004601587541401386
904000,20.38,23.38,8,0.004431582055985928
906000,17.88,20.88,8,0.0022437586449086666
908000,9.62,12.15,13,0.005181054584681988
910000,17.75,20.75,8,0.002795236883684993
912000,22.75,25.75,8,0.0034114494919776917
914000,18.62,21.62,8,0.009501596912741661
916000,17.75,20.75,8,0.0035243916790932417
918000,9.0,11.55,11,0.009804034605622292
920000,6.75,9.0,8,0.008933345787227154
922000,15.89,18.67,9,0.01699506863951683
924000,12.33,14.89,9,0.0036990626249462366
926000,16.75,19.75,8,0.018755638971924782
928000,4.12,6.38,8,0.003263013670220971
930000,16.0,19.0,8,0.005875691305845976
932000,11.25,14.25,8,0.013517160899937153
934000,13.5,16.5,8,0.0033871703781187534
936000,4.88,7.0,8,0.015053153038024902
938000,14.25,17.25,8,0.005536254495382309
940000,16.0,19.0,8,0.0029511786997318268
942000,21.0,24.0,8,0.01097793597728014
944000,18.88,21.88,8,0.012540115043520927
946000,18.12,21.12,8,0.005539890378713608
948000,18.38,21.38,8,0.002023156266659498
950000,18.0,21.0,8,0.005611986853182316
952000,14.62,17.62,8,0.003691385965794325
954000,20.25,23.25,8,0.0038242870941758156
956000,7.0,9.33,9,0.007420666981488466
958000,9.38,12.38,8,0.0046312990598380566
960000,16.62,19.62,8,0.0033879599068313837
962000,12.62,15.62,8,0.00410027801990509
964000,16.88,19.88,8,0.010941725224256516
966000,9.17,11.75,12,0.0037255240604281425
968000,14.25,17.25,8,0.013954616151750088
970000,14.75,17.75,8,0.016907554119825363
972000,19.56,22.56,9,0.008569619618356228
974000,16.12,19.12,8,0.01022267248481512
976000,13.38,16.38,8,0.012468680739402771
978000,16.62,19.62,8,0.0031333123333752155
980000,18.38,21.38,8,0.00439986540004611
982000,12.62,15.62,8,0.005775874014943838
984000,18.38,21.38,8,0.005866452120244503
986000,14.88,17.88,8,0.013383562676608562
988000,13.12,16.12,8,0.00237930566072464
990000,20.25,23.25,8,0.005169379990547895
992000,19.25,22.25,8,0.0063692801631987095
994000,13.38,16.38,8,0.022270003333687782
996000,10.45,13.0,11,0.0035046683624386787
998000,18.12,21.12,8,0.003408763324841857
1000000,17.5,20.5,8,0.005973370745778084
1002000,10.64,13.18,11,0.010488676838576794
1004000,15.88,18.88,8,0.0035981067921966314
1006000,19.12,22.12,8,0.0035839336924254894
1008000,18.38,21.38,8,0.023338235914707184
1010000,16.12,19.12,8,0.008573612198233604
1012000,22.12,25.12,8,0.009867952205240726
1014000,20.38,23.38,8,0.01493559218943119
1016000,12.12,15.12,8,0.006081669125705957
1018000,15.0,18.0,8,0.007729676552116871
1020000,14.12,17.12,8,0.00402878038585186
1022000,13.62,16.62,8,0.004199490882456303
1024000,22.75,25.75,8,0.006172985769808292
1026000,19.38,22.38,8,0.005445626564323902
1028000,21.38,24.38,8,0.0027743119280785322
1030000,21.5,24.5,8,0.01272962149232626
1032000,17.5,20.5,8,0.0053262123838067055
1034000,21.75,24.75,8,0.005268741864711046
1036000,15.25,18.25,8,0.010410735383629799
1038000,13.0,16.0,8,0.007871821522712708
1040000,13.88,16.88,8,0.011568782851099968
1042000,18.38,21.38,8,0.00796347763389349
1044000,14.62,17.62,8,0.004394755233079195
1046000,16.25,19.25,8,0.004816817585378885
1048000,16.38,19.38,8,0.00633979681879282
1050000,20.25,23.25,8,0.006306475028395653
1052000,13.25,16.25,8,0.00865711085498333
1054000,15.0,18.0,8,0.003496783319860697
1056000,18.62,21.62,8,0.010967706330120564
1058000,20.88,23.88,8,0.0049364687874913216
1060000,14.3,16.9,10,0.0035183981526643038
1062000,21.88,24.88,8,0.007824248634278774
1064000,17.12,20.12,8,0.005898796487599611
1066000,14.88,17.88,8,0.026137545704841614
1068000,24.25,27.25,8,0.005660894326865673
1070000,16.25,19.25,8,0.0035415692254900932
1072000,9.5,12.5,8,0.00871870294213295
1074000,17.88,20.88,8,0.005465582013130188
1076000,12.12,15.12,8,0.004620015621185303
1078000,19.5,22.5,8,0.009166036732494831
1080000,14.5,17.5,8,0.006278603337705135
1082000,15.38,18.38,8,0.008940471336245537
1084000,18.75,21.75,8,0.005846633110195398
1086000,15.5,18.5,8,0.022351590916514397
1088000,13.38,16.38,8,0.015768224373459816
1090000,18.38,21.38,8,0.003915529698133469
1092000,15.75,18.75,8,0.007827965542674065
1094000,17.0,20.0,8,0.014424759894609451
1096000,13.27,15.91,11,0.0046243444085121155
1098000,16.0,19.0,8,0.02114826813340187
1100000,21.5,24.5,8,0.0029147756285965443
1102000,9.67,12.11,9,0.01095416210591793
1104000,20.0,23.0,8,0.004902985412627459
1106000,11.5,14.5,8,0.006259802728891373
1108000,12.62,15.62,8,0.014993651770055294
1110000,18.12,21.12,8,0.010009854100644588
1112000,11.44,13.78,9,0.005287782289087772
1114000,5.88,8.12,8,0.002710365690290928
1116000,20.12,23.12,8,0.003390067722648382
1118000,12.75,15.75,8,0.004609388764947653
1120000,22.0,25.0,8,0.010633323341608047
1122000,19.0,22.0,8,0.03007565066218376
1124000,17.88,20.88,8,0.005586719140410423
1126000,17.38,20.38,8,0.007654950954020023
1128000,17.0,20.0,8,0.015311028808355331
1130000,18.12,21.12,8,0.008851945400238037
1132000,17.62,20.62,8,0.003533522365614772
1134000,18.38,21.38,8,0.004181135445833206
1136000,20.38,23.38,8,0.004297883249819279
1138000,18.88,21.88,8,0.004550875164568424
1140000,18.5,21.5,8,0.0037398210261017084
1142000,16.75,19.75,8,0.010497840121388435
1144000,17.75,20.75,8,0.005589999258518219
1146000,19.0,22.0,8,0.005790661089122295
1148000,10.33,12.67,9,0.00458265095949173
1150000,15.12,18.12,8,0.005097275134176016
1152000,18.75,21.75,8,0.02182774804532528
1154000,18.5,21.5,8,0.009884833358228207
1156000,21.0,24.0,8,0.005620741285383701
1158000,22.75,25.75,8,0.0037878965958952904
1160000,9.12,12.12,8,0.027672916650772095
1162000,20.38,23.38,8,0.0034785016905516386
1164000,19.25,22.25,8,0.005254942923784256
1166000,13.75,16.75,8,0.007821610197424889
1168000,16.88,19.88,8,0.010181224904954433
1170000,18.75,21.75,8,0.018629100173711777
1172000,20.38,23.38,8,0.007396410219371319
1174000,16.75,19.75,8,0.014439977705478668
1176000,17.25,20.25,8,0.008044695481657982
1178000,14.1,16.7,10,0.006292748264968395
1180000,17.5,20.5,8,0.03438993915915489
1182000,20.25,23.25,8,0.005289495922625065
1184000,17.12,20.12,8,0.006010452751070261
1186000,14.1,16.8,10,0.007140470668673515
1188000,2.0,4.25,8,0.004357169847935438
1190000,23.38,26.38,8,0.01063629612326622
1192000,14.62,17.62,8,0.006697393953800201
1194000,19.12,22.12,8,0.00359467719681561
1196000,13.12,16.12,8,0.004145266488194466
1198000,14.5,17.5,8,0.031536031514406204
1200000,20.38,23.38,8,0.009413410909473896
1202000,10.0,13.0,8,0.007563518360257149
1204000,17.5,20.5,8,0.004983148537576199
1206000,17.5,20.5,8,0.022891012951731682
1208000,18.38,21.38,8,0.004623907618224621
1210000,15.88,18.88,8,0.0029451604932546616
1212000,20.38,23.38,8,0.0038521387614309788
1214000,17.12,20.12,8,0.02633502706885338
1216000,15.0,18.0,8,0.0053024375811219215
1218000,18.75,21.75,8,0.005329211242496967
1220000,20.75,23.75,8,0.0095665967091918
1222000,22.75,25.75,8,0.011748915538191795
1224000,11.12,14.12,8,0.012058853171765804
1226000,11.78,14.44,9,0.005929877050220966
1228000,20.0,22.64,11,0.005952822510153055
1230000,12.42,15.0,12,0.004117085598409176
1232000,19.12,22.12,8,0.00375634478405118
1234000,17.0,20.0,8,0.0038952715694904327
1236000,13.1,15.7,10,0.011816196143627167
1238000,12.25,15.25,8,0.013245000503957272
1240000,24.38,27.38,8,0.00364217022433877
1242000,15.9,18.5,10,0.0035759401507675648
1244000,19.75,22.75,8,0.024138683453202248
1246000,11.64,14.18,11,0.006903470028191805
1248000,15.88,18.88,8,0.0039017642848193645
1250000,11.0,14.0,8,0.006905866786837578
1252000,21.25,24.25,8,0.020240578800439835
1254000,13.0,16.0,8,0.012599599547684193
1256000,21.25,24.25,8,0.014007115736603737
1258000,16.12,19.12,8,0.004148697480559349
1260000,18.5,21.5,8,0.0059760878793895245
1262000,20.88,23.88,8,0.005889108404517174
1264000,7.0,9.45,11,0.002509155310690403
1266000,16.88,19.88,8,0.01962384209036827
1268000,17.75,20.75,8,0.0032058157958090305
1270000,18.0,21.0,8,0.003590370761230588
1272000,13.75,16.75,8,0.008765004575252533
1274000,19.62,22.62,8,0.0171631071716547
1276000,8.62,11.62,8,0.003781723789870739
1278000,18.88,21.88,8,0.004389967769384384
1280000,16.88,19.88,8,0.00757867144420743
1282000,15.38,18.38,8,0.009496243670582771
1284000,19.62,22.62,8,0.013330990448594093
1286000,15.88,18.88,8,0.005818785633891821
1288000,10.9,13.4,10,0.02161821722984314
1290000,16.12,19.12,8,0.009013999253511429
1292000,19.38,22.38,8,0.005889387801289558
1294000,21.25,24.25,8,0.010769402608275414
1296000,24.75,27.75,8,0.0033972719684243202
1298000,19.38,22.38,8,0.004381996113806963
1300000,21.25,24.25,8,0.028495248407125473
1302000,11.82,14.45,11,0.0046968646347522736
1304000,17.38,20.38,8,0.004568321630358696
1306000,19.12,22.12,8,0.003909609746187925
1308000,18.25,21.25,8,0.004092929419130087
1310000,21.75,24.75,8,0.004068619571626186
1312000,18.38,21.38,8,0.04347941651940346
1314000,12.8,15.3,10,0.0027577781584113836
1316000,20.5,23.5,8,0.006454151123762131
1318000,21.75,24.75,8,0.003327066544443369
1320000,12.25,15.25,8,0.014019880443811417
1322000,11.46,14.0,13,0.00603195745497942
1324000,8.77,11.31,13,0.0061611696146428585
1326000,18.5,21.5,8,0.0037475498393177986
1328000,15.75,18.75,8,0.013281154446303844
1330000,12.12,15.12,8,0.010936565697193146
1332000,14.38,17.38,8,0.00983413215726614
1334000,17.38,20.38,8,0.025971468538045883
1336000,13.12,16.12,8,0.003848543856292963
1338000,20.38,23.38,8,0.002426914405077696
1340000,17.62,20.62,8,0.020539360120892525
1342000,15.0,18.0,8,0.0026701013557612896
1344000,19.12,22.12,8,0.004953932482749224
1346000,19.62,22.62,8,0.002335922559723258
1348000,12.45,15.0,11,0.003905205987393856
1350000,16.88,19.88,8,0.023381372913718224
1352000,21.38,24.38,8,0.01592295430600643
1354000,12.36,15.0,11,0.004370429553091526
1356000,23.75,26.75,8,0.005722928326576948
1358000,17.75,20.75,8,0.0037463614717125893
1360000,15.5,18.5,8,0.007615437265485525
1362000,20.4,22.9,10,0.016429176554083824
1364000,18.88,21.88,8,0.02253427356481552
1366000,21.25,24.25,8,0.029673026874661446
1368000,16.88,19.88,8,0.01098567433655262
1370000,17.88,20.88,8,0.008297542110085487
1372000,19.12,22.12,8,0.006348707247525454
1374000,23.38,26.38,8,0.0030351304449141026
1376000,17.38,20.38,8,0.004971620626747608
1378000,15.38,18.38,8,0.0038366348017007113
1380000,15.5,18.5,8,0.023922178894281387
1382000,17.0,20.0,8,0.012069662101566792
1384000,16.75,19.75,8,0.004672897048294544
1386000,19.38,22.38,8,0.01075048465281725
1388000,14.88,17.88,8,0.003131058532744646
1390000,19.12,22.12,8,0.0175576601177454
1392000,20.62,23.62,8,0.0027560004964470863
1394000,16.0,19.0,8,0.003814670955762267
1396000,18.88,21.88,8,0.0037234409246593714
1398000,20.5,23.5,8,0.011605524457991123
1400000,4.12,6.38,8,0.006528961006551981
1402000,11.33,13.78,9,0.025124454870820045
1404000,14.88,17.88,8,0.003252853639423847
1406000,16.5,19.5,8,0.0089181549847126
1408000,16.88,19.88,8,0.013822142034769058
1410000,10.5,13.0,8,0.01646866835653782
1412000,16.5,19.5,8,0.010949866846203804
1414000,17.12,20.12,8,0.004783542361110449
1416000,17.12,20.12,8,0.008645336143672466
1418000,17.0,20.0,8,0.02297072298824787
1420000,14.5,17.5,8,0.005695987958461046
1422000,10.9,13.3,10,0.004246499389410019
1424000,15.38,18.38,8,0.008383073844015598
1426000,17.75,20.75,8,0.005584182217717171
1428000,18.88,21.88,8,0.005518067628145218
1430000,20.38,23.38,8,0.004010286182165146
1432000,9.67,12.22,9,0.016971886157989502
1434000,23.25,26.25,8,0.004196729976683855
1436000,20.88,23.88,8,0.0030319911893457174
1438000,17.75,20.75,8,0.030930478125810623
1440000,21.0,24.0,8,0.004299043212085962
1442000,17.33,20.33,9,0.004597136285156012
1444000,18.25,21.25,8,0.006225339137017727
1446000,19.5,22.5,8,0.005971523467451334
1448000,14.56,17.22,9,0.013944955542683601
1450000,13.75,16.75,8,0.0436699204146862
1452000,18.62,21.62,8,0.010417222045361996
1454000,11.92,14.5,12,0.013452436774969101
1456000,21.12,24.12,8,0.010975688695907593
1458000,14.5,17.5,8,0.002814158098772168
1460000,20.5,23.5,8,0.013145387172698975
1462000,20.75,23.75,8,0.0077596260234713554
1464000,16.36,19.0,11,0.003773865755647421
1466000,23.0,26.0,8,0.010784252546727657
1468000,15.62,18.62,8,0.005117950029671192
1470000,20.38,23.38,8,0.00528333755210042
1472000,20.75,23.75,8,0.0072639561258256435
1474000,14.88,17.88,8,0.004931286908686161
1476000,23.38,26.38,8,0.00543285021558404
1478000,18.0,21.0,8,0.0036372761242091656
1480000,17.75,20.75,8,0.00455806078389287
1482000,20.62,23.62,8,0.012757020071148872
1484000,13.12,16.12,8,0.010941221378743649
1486000,21.38,24.38,8,0.00435236282646656
1488000,17.62,20.62,8,0.009786507114768028
1490000,11.3,13.9,10,0.008523632772266865
1492000,16.0,19.0,8,0.008370621129870415
1494000,21.12,24.12,8,0.022070128470659256
1496000,14.0,17.0,8,0.0031051503028720617
1498000,15.25,18.25,8,0.004904046654701233
1500000,23.12,26.12,8,0.003567242529243231
1502000,20.38,23.38,8,0.003718005493283272
1504000,10.82,13.45,11,0.007515442091971636
1506000,18.0,21.0,8,0.009879201650619507
1508000,18.62,21.62,8,0.008942259475588799
1510000,11.75,14.75,8,0.005271941423416138
1512000,18.5,21.5,8,0.0069826324470341206
1514000,18.38,21.38,8,0.005147899966686964
1516000,16.12,19.12,8,0.004463398363441229
1518000,15.0,18.0,8,0.014292607083916664
1520000,16.75,19.75,8,0.004757319111377001
1522000,18.5,21.5,8,0.02632790058851242
1524000,14.88,17.88,8,0.00547347217798233
1526000,18.88,21.88,8,0.003916603513062
1528000,16.08,18.62,13,0.0037451828829944134
1530000,14.88,17.88,8,0.005457350518554449
1532000,20.75,23.75,8,0.007379941642284393
1534000,19.12,22.12,8,0.007710897363722324
1536000,19.5,22.5,8,0.012950241565704346
1538000,15.0,18.0,8,0.026400931179523468
1540000,27.38,30.38,8,0.01569145917892456
1542000,18.12,21.12,8,0.011736661195755005
1544000,20.5,23.5,8,0.024761829525232315
1546000,19.5,22.5,8,0.0050375503487885
1548000,22.25,25.25,8,0.018307562917470932
1550000,14.5,17.5,8,0.010921422392129898
1552000,18.88,21.88,8,0.007799775805324316
1554000,18.12,21.12,8,0.005573039408773184
1556000,19.12,22.12,8,0.0050238072872161865
1558000,24.0,27.0,8,0.023327242583036423
1560000,17.25,20.25,8,0.027601948007941246
1562000,16.75,19.75,8,0.0036813337355852127
1564000,13.25,16.25,8,0.004576336592435837
1566000,18.0,21.0,8,0.007659777533262968
1568000,20.0,23.0,8,0.004840584471821785
1570000,17.0,19.67,9,0.0027290501166135073
1572000,24.38,27.38,8,0.028396446257829666
1574000,20.88,23.88,8,0.02401028573513031
1576000,12.88,15.88,8,0.010553179308772087
1578000,16.88,19.88,8,0.006765751168131828
1580000,21.62,24.62,8,0.007922413758933544
1582000,18.75,21.75,8,0.007151611614972353
1584000,18.0,21.0,8,0.010501038283109665
1586000,17.88,20.88,8,0.011289889924228191
1588000,14.62,17.62,8,0.005665406584739685
1590000,16.38,19.38,8,0.007282601203769445
1592000,18.12,21.12,8,0.0035248559433966875
1594000,16.0,18.64,11,0.009147346019744873
1596000,19.25,22.25,8,0.00897577777504921
1598000,14.25,17.25,8,0.026652952656149864
1600000,10.1,12.6,10,0.007421360816806555
1602000,25.38,28.38,8,0.006173417903482914
1604000,21.25,24.25,8,0.002938666148111224
1606000,24.75,27.75,8,0.004823542665690184
1608000,20.88,23.88,8,0.004290987271815538
1610000,21.25,24.25,8,0.011964078061282635
1612000,17.25,20.25,8,0.013916173949837685
1614000,20.5,23.5,8,0.009881941601634026
1616000,19.38,22.38,8,0.007293505594134331
1618000,23.0,26.0,8,0.022013556212186813
1620000,8.5,11.2,10,0.029830193147063255
1622000,19.12,22.12,8,0.005483378190547228
1624000,20.88,23.88,8,0.017775049433112144
1626000,6.0,8.22,9,0.01279640942811966
1628000,19.62,22.62,8,0.009730221703648567
1630000,22.38,25.38,8,0.01814877800643444
1632000,19.12,22.12,8,0.00635210145264864
1634000,18.5,21.5,8,0.0032566573936492205
1636000,23.5,26.5,8,0.0034178767818957567
1638000,15.62,18.62,8,0.005036536138504744
1640000,23.38,26.38,8,0.006957941688597202
1642000,17.0,20.0,8,0.003705146024003625
1644000,20.0,23.0,8,0.00904135499149561
1646000,17.62,20.62,8,0.008338367566466331
1648000,19.0,22.0,8,0.0041779642924666405
1650000,12.38,15.38,8,0.008695479482412338
1652000,18.38,21.38,8,0.007847927510738373
1654000,16.62,19.62,8,0.006930955220013857
1656000,15.75,18.75,8,0.006115943193435669
1658000,16.75,19.75,8,0.006303446367383003
1660000,22.5,25.5,8,0.021023808047175407
1662000,18.25,21.25,8,0.007879585027694702
1664000,17.62,20.62,8,0.01714150607585907
1666000,18.38,21.38,8,0.005028680898249149
1668000,23.0,26.0,8,0.007265363819897175
1670000,16.88,19.88,8,0.004297832027077675
1672000,14.75,17.75,8,0.006537724751979113
1674000,17.12,20.12,8,0.015705885365605354
1676000,13.5,16.5,8,0.00522884726524353
1678000,18.25,21.25,8,0.004101291298866272
1680000,17.62,20.62,8,0.005098475143313408
1682000,21.0,24.0,8,0.005226859822869301
1684000,25.0,28.0,8,0.007689828053116798
1686000,20.62,23.62,8,0.004157256800681353
1688000,17.0,20.0,8,0.005726546049118042
1690000,16.62,19.62,8,0.005804129876196384
1692000,17.25,20.25,8,0.00822683610022068
1694000,17.25,20.25,8,0.00374804949387908
1696000,16.75,19.75,8,0.012591321021318436
1698000,18.0,21.0,8,0.0036023848224431276
1700000,15.5,18.5,8,0.006579630542546511
1702000,17.25,20.25,8,0.03323858976364136
1704000,19.62,22.62,8,0.0038683011662214994
1706000,15.22,18.22,9,0.030636616051197052
1708000,19.5,22.5,8,0.0060822488740086555
1710000,20.62,23.62,8,0.021465454250574112
1712000,13.38,16.38,8,0.016320116817951202
1714000,18.0,21.0,8,0.01889704540371895
1716000,23.75,26.75,8,0.0056310659274458885
1718000,18.25,21.25,8,0.006475447677075863
1720000,15.82,18.36,11,0.009337708353996277
1722000,17.25,20.25,8,0.01083037257194519
1724000,20.62,23.62,8,0.025254178792238235
1726000,18.25,21.25,8,0.008772517554461956
1728000,11.0,13.44,9,0.008772401139140129
1730000,16.5,19.5,8,0.004896915517747402
1732000,19.38,22.38,8,0.005330706015229225
1734000,18.25,21.25,8,0.004200267605483532
1736000,18.88,21.88,8,0.023338861763477325
1738000,15.12,18.12,8,0.0038870973512530327
1740000,18.5,21.5,8,0.008540033362805843
1742000,17.38,20.38,8,0.00863372627645731
1744000,23.38,26.38,8,0.009426787495613098
1746000,7.5,10.5,8,0.04578297585248947
1748000,20.62,23.62,8,0.006935471203178167
1750000,20.25,23.25,8,0.0046417322009801865
1752000,15.12,18.12,8,0.01409500278532505
1754000,14.25,17.25,8,0.03227606043219566
1756000,17.44,20.44,9,0.02007381059229374
1758000,20.25,23.25,8,0.01028221845626831
1760000,17.38,20.38,8,0.022900713607668877
1762000,15.5,18.5,8,0.005569017957895994
1764000,20.5,23.5,8,0.017356520518660545
1766000,18.88,21.88,8,0.0029760233592242002
1768000,18.12,21.12,8,0.005555901676416397
1770000,18.25,21.25,8,0.013778249733150005
1772000,23.12,26.12,8,0.0035241504665464163
1774000,16.88,19.88,8,0.005404091905802488
1776000,20.88,23.88,8,0.011026800610125065
1778000,23.88,26.88,8,0.025410262867808342
1780000,24.5,27.5,8,0.009162947535514832
1782000,21.0,24.0,8,0.018036480993032455
1784000,19.5,22.5,8,0.007776958402246237
1786000,16.0,19.0,8,0.003671895246952772
1788000,16.5,19.5,8,0.004581878427416086
1790000,19.0,22.0,8,0.008140687830746174
1792000,22.62,25.62,8,0.0066641541197896
1794000,10.89,13.22,9,0.007060105912387371
1796000,19.88,22.88,8,0.011911493726074696
1798000,19.12,22.12,8,0.021722422912716866
1800000,19.88,22.88,8,0.003897325601428747
1802000,20.12,23.12,8,0.006952304393053055
1804000,10.5,13.5,8,0.0071089742705225945
1806000,17.0,20.0,8,0.020939182490110397
1808000,23.12,26.12,8,0.005016524810343981
1810000,17.0,20.0,8,0.006330125033855438
1812000,19.75,22.75,8,0.011189731769263744
1814000,19.12,22.12,8,0.006342467851936817
1816000,17.62,20.62,8,0.008265571668744087
1818000,18.12,21.12,8,0.02000088058412075
1820000,18.75,21.75,8,0.005550493486225605
1822000,22.62,25.62,8,0.010075395926833153
1824000,12.75,15.75,8,0.01372571848332882
1826000,19.88,22.88,8,0.02647603489458561
1828000,15.5,18.5,8,0.009241558611392975
1830000,20.5,23.5,8,0.0076568350195884705
1832000,18.5,21.5,8,0.008089670911431313
1834000,22.5,25.5,8,0.003900390351191163
1836000,12.88,15.88,8,0.011784552596509457
1838000,22.12,25.12,8,0.0050187562592327595
1840000,18.25,21.25,8,0.003153146943077445
1842000,21.38,24.38,8,0.00788764376193285
1844000,9.5,12.5,8,0.02646045759320259
1846000,15.0,18.0,8,0.011580300517380238
1848000,18.88,21.88,8,0.005495996680110693
1850000,6.38,8.62,8,0.035643480718135834
1852000,22.88,25.88,8,0.013551892712712288
1854000,19.5,22.5,8,0.01058930903673172
1856000,18.75,21.75,8,0.00967186875641346
1858000,18.62,21.62,8,0.0027118888683617115
1860000,18.88,21.88,8,0.00413960125297308
1862000,16.62,19.62,8,0.0071318065747618675
1864000,16.25,19.25,8,0.004373915493488312
1866000,18.25,21.25,8,0.008437386713922024
1868000,20.75,23.75,8,0.015674112364649773
1870000,22.25,25.25,8,0.03132493048906326
1872000,14.12,17.12,8,0.006096722092479467
1874000,18.88,21.88,8,0.013025540858507156
1876000,13.62,16.62,8,0.014988132752478123
1878000,21.0,24.0,8,0.007882493548095226
1880000,22.75,25.75,8,0.004821930546313524
1882000,21.88,24.88,8,0.023291612043976784
1884000,16.25,19.25,8,0.004789503291249275
1886000,17.42,20.0,12,0.012444054707884789
1888000,18.0,21.0,8,0.006028845440596342
1890000,23.25,26.25,8,0.005597327835857868
1892000,20.33,22.92,12,0.0175448227673769
1894000,17.0,20.0,8,0.003514496609568596
1896000,21.88,24.88,8,0.022439708933234215
1898000,16.0,19.0,8,0.00442539481446147
1900000,22.5,25.5,8,0.0041205077432096004
1902000,22.62,25.62,8,0.005179839674383402
1904000,12.12,15.12,8,0.005090958904474974
1906000,14.12,17.12,8,0.007044085767120123
1908000,18.12,21.12,8,0.007758145220577717
1910000,14.5,17.5,8,0.0052396319806575775
1912000,22.75,25.75,8,0.007504602894186974
1914000,18.62,21.62,8,0.0037556872703135014
1916000,14.75,17.75,8,0.010591516271233559
1918000,21.0,24.0,8,0.026261761784553528
1920000,16.12,19.12,8,0.005599271040409803
1922000,19.5,22.5,8,0.011942794546484947
1924000,20.25,23.25,8,0.01314095314592123
1926000,20.0,23.0,8,0.006756544578820467
1928000,16.62,19.62,8,0.003355250461027026
1930000,20.25,23.25,8,0.0041679260320961475
1932000,28.38,31.38,8,0.005035129841417074
1934000,20.62,23.62,8,0.003795912489295006
1936000,22.0,25.0,8,0.012325534597039223
1938000,14.38,17.38,8,0.016003571450710297
1940000,20.25,23.25,8,0.004013329278677702
1942000,20.25,23.25,8,0.003767904359847307
1944000,16.75,19.75,8,0.006913617718964815
1946000,17.0,20.0,8,0.009775487706065178
1948000,22.0,25.0,8,0.007780970074236393
1950000,11.25,14.25,8,0.008328069932758808
1952000,17.38,20.38,8,0.0034434970002621412
1954000,21.5,24.5,8,0.0037346319295465946
1956000,19.62,22.62,8,0.015198450535535812
1958000,17.38,20.38,8,0.014787090942263603
1960000,22.0,25.0,8,0.002388175344094634
1962000,12.33,14.92,12,0.004686893429607153
1964000,24.25,27.25,8,0.008579413406550884
1966000,17.88,20.88,8,0.0034124869853258133
1968000,15.75,18.75,8,0.02208685874938965
1970000,12.0,15.0,8,0.003745605004951358
1972000,19.75,22.75,8,0.0033260458149015903
1974000,12.88,15.88,8,0.007244615349918604
1976000,23.5,26.5,8,0.002665657317265868
1978000,17.0,20.0,8,0.027461549267172813
1980000,17.38,20.38,8,0.0053421081975102425
1982000,18.25,21.25,8,0.006986897438764572
1984000,12.5,15.5,8,0.00476526003330946
1986000,19.75,22.75,8,0.020226268097758293
1988000,20.88,23.88,8,0.004295588005334139
1990000,23.5,26.5,8,0.0065636648796498775
1992000,17.62,20.62,8,0.013236223720014095
1994000,22.25,25.25,8,0.00465007871389389
1996000,20.0,23.0,8,0.007102347910404205
1998000,15.5,18.5,8,0.006524087395519018
2000000,13.33,16.33,9,0.012432732619345188
2002000,20.12,23.12,8,0.0053100259974598885
2004000,17.88,20.88,8,0.0029575927183032036
2006000,21.88,24.88,8,0.007292206399142742
2008000,21.5,24.5,8,0.012738114222884178
2010000,20.88,23.88,8,0.0036400360986590385
2012000,11.55,14.18,11,0.0050284587778151035
2014000,19.0,22.0,8,0.006681010592728853
2016000,16.0,18.58,12,0.005948696751147509
2018000,17.0,20.0,8,0.011111517436802387
2020000,20.5,23.5,8,0.005011215806007385
2022000,17.0,20.0,8,0.015925446525216103
2024000,19.12,22.12,8,0.016095619648694992
2026000,16.25,19.25,8,0.028167597949504852
2028000,14.75,17.75,8,0.0068100448697805405
2030000,18.75,21.75,8,0.013105913065373898
2032000,17.88,20.88,8,0.008764229714870453
2034000,21.88,24.88,8,0.0056570242159068584
2036000,19.38,22.38,8,0.01148091908544302
2038000,14.2,16.7,10,0.013697754591703415
2040000,20.62,23.62,8,0.01637127995491028
2042000,18.88,21.88,8,0.0054815541952848434
2044000,26.88,29.88,8,0.004471427761018276
2046000,18.0,21.0,8,0.03775619715452194
2048000,15.75,18.75,8,0.004883832298219204
2050000,15.88,18.88,8,0.004767224658280611
2052000,18.62,21.62,8,0.0037479670718312263
2054000,15.8,18.4,10,0.007078922353684902
2056000,20.88,23.88,8,0.0057455068454146385
2058000,9.44,12.11,9,0.005936857312917709
2060000,18.62,21.62,8,0.00899508222937584
2062000,16.62,19.62,8,0.005237847100943327
2064000,22.25,25.25,8,0.03013005666434765
2066000,21.0,24.0,8,0.011666608974337578
2068000,12.5,15.5,8,0.003040337935090065
2070000,21.75,24.75,8,0.004398386925458908
2072000,14.5,17.5,8,0.009747684933245182
2074000,15.0,18.0,8,0.00970556028187275
2076000,18.5,21.5,8,0.0030072994995862246
2078000,18.12,21.12,8,0.005317755043506622
2080000,19.88,22.88,8,0.003601554548367858
2082000,18.75,21.75,8,0.015295871533453465
2084000,22.0,25.0,8,0.004130960907787085
2086000,16.25,19.25,8,0.009357313625514507
2088000,20.88,23.88,8,0.0049247113056480885
2090000,19.38,22.38,8,0.025790514424443245
2092000,15.0,18.0,8,0.016388684511184692
2094000,9.91,12.45,11,0.020363911986351013
2096000,17.88,20.88,8,0.0032823847141116858
2098000,14.12,17.12,8,0.0078064920380711555
2100000,18.75,21.75,8,0.007958315312862396
2102000,17.88,20.88,8,0.009141551330685616
2104000,21.38,24.38,8,0.005355839617550373
2106000,19.0,22.0,8,0.008543506264686584
2108000,21.0,24.0,8,0.004810148850083351
2110000,22.5,25.5,8,0.006197386421263218
2112000,20.5,23.5,8,0.0031297244131565094
2114000,21.38,24.38,8,0.01897580735385418
2116000,25.75,28.75,8,0.01755300723016262
2118000,24.0,27.0,8,0.0036225139629095793
2120000,15.38,18.38,8,0.0033563757315278053
2122000,13.38,16.38,8,0.005162771791219711
2124000,22.25,25.25,8,0.005686554592102766
2126000,18.5,21.5,8,0.012064778245985508
2128000,17.1,19.6,10,0.01866714283823967
2130000,13.44,16.44,9,0.009149524383246899
2132000,20.12,23.12,8,0.004381077364087105
2134000,12.12,15.12,8,0.0053238580003380775
2136000,16.38,19.38,8,0.005015430971980095
2138000,16.75,19.75,8,0.02420969121158123
2140000,10.12,13.12,8,0.01376680750399828
2142000,16.38,19.38,8,0.014430195093154907
2144000,17.12,20.12,8,0.005312578286975622
2146000,15.0,18.0,8,0.00424950709566474
2148000,21.5,24.5,8,0.011059438809752464
2150000,21.75,24.75,8,0.009879153221845627
2152000,21.38,24.38,8,0.028080809861421585
2154000,16.62,19.62,8,0.007165201939642429
2156000,18.62,21.62,8,0.011122964322566986
2158000,21.38,24.38,8,0.0052642542868852615
2160000,19.75,22.75,8,0.017857659608125687
2162000,19.12,22.12,8,0.020057672634720802
2164000,25.12,28.12,8,0.006098328623920679
2166000,15.62,18.62,8,0.004721637815237045
2168000,22.38,25.38,8,0.009213097393512726
2170000,18.0,21.0,8,0.005260465666651726
2172000,20.88,23.88,8,0.014485616236925125
2174000,16.88,19.88,8,0.013424111530184746
2176000,20.38,23.38,8,0.00593800563365221
2178000,12.11,14.67,9,0.008361251093447208
2180000,19.88,22.88,8,0.005628411658108234
2182000,16.5,19.5,8,0.004948063753545284
2184000,18.25,21.25,8,0.004679362289607525
2186000,20.75,23.75,8,0.004966325126588345
2188000,15.5,18.5,8,0.006233164109289646
2190000,15.62,18.62,8,0.011889678426086903
2192000,15.38,18.38,8,0.0046729412861168385
2194000,17.88,20.88,8,0.005134933162480593
2196000,18.62,21.62,8,0.0036124277394264936
2198000,16.25,19.25,8,0.005676073022186756
2200000,14.0,17.0,8,0.006110185291618109
2202000,20.88,23.88,8,0.004208822268992662
2204000,17.12,20.12,8,0.004888936877250671
2206000,23.5,26.5,8,0.008085479028522968
2208000,18.75,21.75,8,0.010071596130728722
2210000,18.12,21.12,8,0.004126478917896748
2212000,16.75,19.75,8,0.012148899026215076
2214000,12.0,15.0,8,0.01805838569998741
2216000,18.62,21.62,8,0.008036508224904537
2218000,20.0,23.0,8,0.016016684472560883
2220000,14.25,17.25,8,0.023059453815221786
2222000,24.12,27.12,8,0.03083810769021511
2224000,26.12,29.12,8,0.003509693779051304
2226000,19.0,22.0,8,0.016024252399802208
2228000,20.0,23.0,8,0.015348201617598534
2230000,20.25,23.25,8,0.004324700683355331
2232000,23.0,26.0,8,0.006274780724197626
2234000,13.0,16.0,8,0.013605793006718159
2236000,20.0,23.0,8,0.013755409978330135
2238000,11.25,14.25,8,0.008139091543853283
2240000,22.12,25.12,8,0.01190266851335764
2242000,21.12,24.12,8,0.0059576136991381645
2244000,22.88,25.88,8,0.020453695207834244
2246000,18.25,21.25,8,0.019624656066298485
2248000,16.38,19.38,8,0.023735035210847855
2250000,16.88,19.88,8,0.0046201832592487335
2252000,19.62,22.62,8,0.01225489005446434
2254000,20.5,23.5,8,0.010783432051539421
2256000,16.88,19.88,8,0.004605044610798359
2258000,23.38,26.38,8,0.011811519041657448
2260000,21.75,24.75,8,0.005686330609023571
2262000,20.12,23.12,8,0.007592206820845604
2264000,16.0,19.0,8,0.0220942460000515
2266000,22.75,25.75,8,0.0035215322859585285
2268000,11.8,14.3,10,0.005446062423288822
2270000,20.38,23.38,8,0.00499684177339077
2272000,18.25,21.25,8,0.005700911395251751
2274000,19.12,22.12,8,0.006264117546379566
2276000,14.88,17.88,8,0.0034270582254976034
2278000,14.62,17.62,8,0.012088077142834663
2280000,14.88,17.88,8,0.0050756968557834625
2282000,14.5,17.5,8,0.013132616877555847
2284000,14.88,17.88,8,0.021059157326817513
2286000,23.5,26.5,8,0.0036396568175405264
2288000,21.12,24.12,8,0.006323729641735554
2290000,26.25,29.25,8,0.006852709222584963
2292000,19.12,22.12,8,0.0036164168268442154
2294000,24.25,27.25,8,0.012927353382110596
2296000,19.12,22.12,8,0.0050694867968559265
2298000,16.5,19.5,8,0.006244875956326723
2300000,23.25,26.25,8,0.005848639644682407
2302000,10.12,13.12,8,0.004442633595317602
2304000,17.25,20.25,8,0.005250243004411459
2306000,13.8,16.4,10,0.0050348807126283646
2308000,17.0,20.0,8,0.0035135603975504637
2310000,22.75,25.75,8,0.00593888945877552
2312000,15.88,18.88,8,0.009711550548672676
2314000,20.88,23.88,8,0.02208046242594719
2316000,20.75,23.75,8,0.004401039332151413
2318000,17.25,20.25,8,0.010988853871822357
2320000,25.12,28.12,8,0.0047258953563869
2322000,15.25,18.25,8,0.016850177198648453
2324000,15.88,18.88,8,0.011672384105622768
2326000,16.5,19.5,8,0.003906693309545517
2328000,17.62,20.62,8,0.0046497127041220665
2330000,17.88,20.88,8,0.0033382622059434652
2332000,22.0,25.0,8,0.0047753038816154
2334000,21.12,24.12,8,0.015264571644365788
2336000,15.0,18.0,8,0.005562402307987213
2338000,16.75,19.75,8,0.043515145778656006
2340000,21.5,24.5,8,0.01719578355550766
2342000,20.25,23.25,8,0.004060984589159489
2344000,20.5,23.5,8,0.0039734006859362125
2346000,15.75,18.75,8,0.017701368778944016
2348000,21.38,24.38,8,0.004375722724944353
2350000,22.75,25.75,8,0.01018374040722847
2352000,17.62,20.62,8,0.005241880659013987
2354000,21.75,24.75,8,0.008423352614045143
2356000,21.62,24.62,8,0.006257596425712109
2358000,21.25,24.25,8,0.027685869485139847
2360000,15.38,18.38,8,0.006404588930308819
2362000,10.3,12.7,10,0.008282596245408058
2364000,18.38,21.38,8,0.004867552313953638
2366000,19.62,22.62,8,0.013524209149181843
2368000,25.75,28.75,8,0.0068345824256539345
2370000,17.88,20.88,8,0.012284794822335243
2372000,19.75,22.75,8,0.010266846045851707
2374000,16.38,19.38,8,0.008172846399247646
2376000,22.25,25.25,8,0.011826449073851109
2378000,11.6,14.2,10,0.016760963946580887
2380000,16.38,19.38,8,0.015860358253121376
2382000,24.25,27.25,8,0.007708501070737839
2384000,23.12,26.12,8,0.013335269875824451
2386000,13.62,16.62,8,0.007873211055994034
2388000,21.25,24.25,8,0.003259858814999461
2390000,17.62,20.62,8,0.01122104562819004
2392000,14.5,17.5,8,0.016508474946022034
2394000,18.5,21.5,8,0.011127512902021408
2396000,16.25,19.25,8,0.004463415592908859
2398000,16.25,19.25,8,0.009283311665058136
2400000,23.62,26.62,8,0.00670461542904377
2402000,24.12,27.12,8,0.0028478496242314577
2404000,13.91,16.55,11,0.004037317354232073
2406000,18.88,21.88,8,0.0062795644626021385
2408000,16.38,19.38,8,0.005836895201355219
2410000,20.0,23.0,8,0.0051404619589447975
2412000,21.25,24.25,8,0.004240604117512703
2414000,18.75,21.75,8,0.006895075552165508
2416000,19.38,22.38,8,0.0050248340703547
2418000,16.12,19.12,8,0.01328841969370842
2420000,25.62,28.62,8,0.009924685582518578
2422000,18.0,21.0,8,0.006024943199008703
2424000,20.88,23.88,8,0.004883085377514362
2426000,18.0,21.0,8,0.007930882275104523
2428000,23.12,26.12,8,0.0050845080986619
2430000,17.25,20.25,8,0.024876264855265617
2432000,19.38,22.38,8,0.0223374180495739
2434000,25.25,28.25,8,0.005588112864643335
2436000,20.88,23.88,8,0.0070908754132688046
2438000,21.38,24.38,8,0.03214709833264351
2440000,19.25,22.25,8,0.006083493120968342
2442000,23.12,26.12,8,0.0025889864191412926
2444000,22.25,25.25,8,0.005768460687249899
2446000,13.5,16.5,8,0.004109494388103485
2448000,21.62,24.62,8,0.0064857956022024155
2450000,17.25,20.25,8,0.010249711573123932
2452000,20.38,23.38,8,0.014951013959944248
2454000,18.5,21.5,8,0.009126735851168633
2456000,16.88,19.88,8,0.004715637769550085
2458000,17.88,20.88,8,0.015537126921117306
2460000,17.75,20.75,8,0.008087992668151855
2462000,22.88,25.88,8,0.013702143914997578
2464000,18.0,21.0,8,0.004760187119245529
2466000,21.38,24.38,8,0.005115851294249296
2468000,22.0,25.0,8,0.013233257457613945
2470000,21.12,24.12,8,0.011700198985636234
2472000,23.88,26.88,8,0.002738228067755699
2474000,23.38,26.38,8,0.007745996117591858
2476000,21.75,24.75,8,0.009049877524375916
2478000,20.38,23.38,8,0.03412427380681038
2480000,22.0,25.0,8,0.007131384685635567
2482000,10.88,13.88,8,0.013881033286452293
2484000,20.62,23.62,8,0.0064544593915343285
2486000,17.62,20.62,8,0.0043779960833489895
2488000,20.5,23.5,8,0.003068101592361927
2490000,16.62,19.62,8,0.003816720098257065
2492000,18.5,21.5,8,0.020459193736314774
2494000,20.62,23.62,8,0.007540792692452669
2496000,20.5,23.5,8,0.005915357731282711
2498000,14.75,17.75,8,0.025716586038470268
2500000,21.75,24.75,8,0.005520773120224476
2502000,9.75,12.75,8,0.004451074171811342
2504000,16.5,19.5,8,0.034572307020425797
2506000,17.88,20.88,8,0.006431817542761564
2508000,22.75,25.75,8,0.02661431021988392
2510000,19.38,22.38,8,0.003907824866473675
2512000,22.25,25.25,8,0.02663624845445156
2514000,18.78,21.78,9,0.013978193514049053
2516000,17.12,20.12,8,0.003719211556017399
2518000,13.62,16.62,8,0.007402866613119841
2520000,17.25,20.25,8,0.008003911934792995
2522000,20.62,23.62,8,0.028262602165341377
2524000,19.88,22.88,8,0.021914202719926834
2526000,20.5,23.5,8,0.02252320386469364
2528000,21.5,24.5,8,0.0102968355640769
2530000,19.5,22.5,8,0.003708816599100828
2532000,15.75,18.75,8,0.012060652486979961
2534000,21.12,24.12,8,0.004086749162524939
2536000,15.75,18.75,8,0.01019288133829832
2538000,20.75,23.75,8,0.004416572395712137
2540000,19.75,22.75,8,0.03547133505344391
2542000,15.88,18.88,8,0.004855289123952389
2544000,12.89,15.33,9,0.01451730728149414
2546000,19.25,22.25,8,0.004947989713400602
2548000,24.88,27.88,8,0.02598743513226509
2550000,23.0,26.0,8,0.01201334223151207
2552000,21.38,24.38,8,0.005632455460727215
2554000,12.75,15.75,8,0.00440641026943922
2556000,21.12,24.12,8,0.010078667663037777
2558000,16.25,19.25,8,0.005468324758112431
2560000,27.0,30.0,8,0.010194315575063229
2562000,17.62,20.62,8,0.0037669676821678877
2564000,18.38,21.38,8,0.006886837538331747
2566000,20.12,23.12,8,0.028462763875722885
2568000,21.75,24.75,8,0.00489554088562727
2570000,18.62,21.62,8,0.005999219603836536
2572000,26.75,29.75,8,0.014523648656904697
2574000,23.25,26.25,8,0.007797770202159882
2576000,19.0,22.0,8,0.016345907002687454
2578000,22.75,25.75,8,0.008174982853233814
2580000,14.62,17.62,8,0.005889451131224632
2582000,23.0,26.0,8,0.00901348888874054
2584000,14.62,17.62,8,0.006706899031996727
2586000,20.25,23.25,8,0.004629949573427439
2588000,18.75,21.75,8,0.01411802601069212
2590000,22.0,25.0,8,0.005233031697571278
2592000,20.75,23.75,8,0.028142720460891724
2594000,23.62,26.62,8,0.005286957137286663
2596000,21.25,24.25,8,0.0035367009695619345
2598000,23.88,26.88,8,0.010603336617350578
2600000,15.12,18.12,8,0.020795762538909912
2602000,12.75,15.75,8,0.006973689887672663
2604000,18.25,21.25,8,0.007098293863236904
2606000,20.38,23.38,8,0.011616023257374763
2608000,22.75,25.75,8,0.005203156732022762
2610000,19.88,22.88,8,0.0038180609699338675
2612000,16.5,19.5,8,0.008879135362803936
2614000,16.62,19.62,8,0.007583727594465017
2616000,20.5,23.5,8,0.011199544183909893
2618000,12.88,15.88,8,0.006263243965804577
2620000,21.38,24.38,8,0.004920077510178089
2622000,20.25,23.25,8,0.012850586324930191
2624000,20.5,23.5,8,0.0031704315915703773
2626000,18.5,21.5,8,0.019831078127026558
2628000,20.88,23.88,8,0.009083762764930725
2630000,17.38,20.38,8,0.015178526751697063
2632000,21.75,24.75,8,0.004571469500660896
2634000,22.62,25.62,8,0.0043106391094625
2636000,21.62,24.62,8,0.008631582371890545
2638000,21.38,24.38,8,0.013784125447273254
2640000,21.12,24.12,8,0.005554063245654106
2642000,12.0,15.0,8,0.014788626693189144
2644000,15.62,18.62,8,0.011940859258174896
2646000,20.62,23.62,8,0.0049039158038794994
2648000,15.0,18.0,8,0.011046748608350754
2650000,20.0,23.0,8,0.0060049667954444885
2652000,14.75,17.75,8,0.010074500925838947
2654000,25.25,28.25,8,0.01449784729629755
2656000,21.12,24.12,8,0.02289813943207264
2658000,21.5,24.5,8,0.004407753236591816
2660000,25.62,28.62,8,0.009923241101205349
2662000,19.38,22.38,8,0.003980121109634638
2664000,18.27,20.91,11,0.003967079799622297
2666000,18.0,21.0,8,0.011277565732598305
2668000,19.62,22.62,8,0.008736733347177505
2670000,17.0,20.0,8,0.01277025043964386
2672000,20.62,23.62,8,0.004516898188740015
2674000,24.75,27.75,8,0.01447373814880848
2676000,17.38,20.38,8,0.005930401384830475
2678000,19.62,22.62,8,0.0036954269744455814
2680000,19.88,22.88,8,0.007808859925717115
2682000,25.5,28.5,8,0.008745000697672367
2684000,20.75,23.75,8,0.009858408011496067
2686000,16.25,19.25,8,0.02626565843820572
2688000,21.12,24.12,8,0.00501179089769721
2690000,11.88,14.88,8,0.009424391202628613
2692000,21.62,24.62,8,0.019586417824029922
2694000,21.0,24.0,8,0.0039751664735376835
2696000,20.62,23.62,8,0.0299740731716156
2698000,26.12,29.12,8,0.011866748332977295
2700000,22.75,25.75,8,0.004665910266339779
2702000,19.12,22.12,8,0.020011352375149727
2704000,20.12,23.12,8,0.004841865040361881
2706000,20.38,23.38,8,0.0065553984604775906
2708000,19.5,22.5,8,0.012804584577679634
2710000,14.62,17.62,8,0.0042534638196229935
2712000,19.88,22.88,8,0.01111837662756443
2714000,15.5,18.5,8,0.03626466915011406
2716000,22.88,25.88,8,0.039012808352708817
2718000,20.25,23.25,8,0.011496654711663723
2720000,17.62,20.62,8,0.026057276874780655
2722000,18.12,21.12,8,0.008063258603215218
2724000,20.38,23.38,8,0.0057535371743142605
2726000,10.12,13.12,8,0.03332467004656792
2728000,11.5,14.5,8,0.0067803580313920975
2730000,19.56,22.56,9,0.011675458401441574
2732000,16.62,19.62,8,0.006368024740368128
2734000,21.88,24.88,8,0.006090076640248299
2736000,20.12,23.12,8,0.009423907846212387
2738000,15.12,18.12,8,0.006949183065444231
2740000,19.12,22.12,8,0.01719324290752411
2742000,22.62,25.62,8,0.007665403187274933
2744000,18.38,21.38,8,0.013569201342761517
2746000,21.62,24.62,8,0.003711628494784236
2748000,13.88,16.88,8,0.014929642900824547
2750000,15.62,18.62,8,0.007309902925044298
2752000,18.75,21.75,8,0.008222975768148899
2754000,21.75,24.75,8,0.017264075577259064
2756000,25.62,28.62,8,0.012253192253410816
2758000,21.88,24.88,8,0.004621886648237705
2760000,18.88,21.88,8,0.006515599321573973
2762000,17.75,20.75,8,0.007463439833372831
2764000,24.12,27.12,8,0.00832301378250122
2766000,20.62,23.62,8,0.004830361343920231
2768000,22.12,25.12,8,0.030147522687911987
2770000,19.25,22.25,8,0.004550314042717218
2772000,21.5,24.5,8,0.00970431324094534
2774000,20.38,23.38,8,0.009084068238735199
2776000,17.62,20.62,8,0.016941215842962265
2778000,29.88,32.88,8,0.038884323090314865
2780000,20.88,23.88,8,0.011873343028128147
2782000,15.25,18.25,8,0.0060454681515693665
2784000,23.5,26.5,8,0.007133116014301777
2786000,25.25,28.25,8,0.007649977691471577
2788000,22.75,25.75,8,0.003998030908405781
2790000,24.12,27.12,8,0.007154266815632582
2792000,12.0,15.0,8,0.006070514675229788
2794000,24.12,27.12,8,0.019488822668790817
2796000,16.75,19.75,8,0.01925404742360115
2798000,20.12,23.12,8,0.009394917637109756
2800000,17.12,20.12,8,0.005241853184998035
2802000,27.12,30.12,8,0.04231402277946472
2804000,16.0,19.0,9,0.006129479967057705
2806000,23.25,26.25,8,0.005720491521060467
2808000,10.0,13.0,8,0.010618682019412518
2810000,16.75,19.75,8,0.008276848122477531
2812000,18.88,21.88,8,0.011108245700597763
2814000,20.0,23.0,8,0.003475732170045376
2816000,18.25,21.25,8,0.00974388886243105
2818000,21.5,24.5,8,0.006812236737459898
2820000,10.25,13.25,8,0.01689288392663002
2822000,14.12,17.12,8,0.004966676235198975
2824000,21.0,24.0,8,0.01058286614716053
2826000,19.5,22.5,8,0.022878039628267288
2828000,20.12,23.12,8,0.009433109313249588
2830000,12.75,15.75,8,0.007996868342161179
2832000,21.0,24.0,8,0.021388167515397072
2834000,22.62,25.62,8,0.006689831148833036
2836000,20.75,23.75,8,0.0058600869961082935
2838000,19.62,22.62,8,0.007297396194189787
2840000,15.75,18.75,8,0.032132647931575775
2842000,21.25,24.25,8,0.005005186889320612
2844000,21.12,24.12,8,0.009496352635324001
2846000,25.62,28.62,8,0.0039265770465135574
2848000,19.62,22.62,8,0.012772553600370884
2850000,22.12,25.12,8,0.0064607118256390095
2852000,29.88,32.88,8,0.010780170559883118
2854000,25.5,28.5,8,0.009189987555146217
2856000,19.38,22.38,8,0.009603234939277172
2858000,20.0,23.0,8,0.013707943260669708
2860000,14.75,17.75,8,0.007848621346056461
2862000,18.88,21.88,8,0.007218437269330025
2864000,21.0,24.0,8,0.011867493391036987
2866000,23.62,26.62,8,0.025648631155490875
2868000,14.75,17.75,8,0.010334375314414501
2870000,14.75,17.75,8,0.01192470546811819
2872000,20.12,23.12,8,0.008243951946496964
2874000,18.0,21.0,8,0.006988304667174816
2876000,21.38,24.38,8,0.005134842358529568
2878000,20.5,23.5,8,0.023165006190538406
2880000,12.83,15.33,12,0.006749139633029699
2882000,22.62,25.62,8,0.01614096760749817
2884000,12.75,15.75,8,0.012661287561058998
2886000,22.88,25.88,8,0.01625788025557995
2888000,19.38,22.38,8,0.003481948748230934
2890000,20.38,23.38,8,0.005311076063662767
2892000,18.62,21.62,8,0.006031144876033068
2894000,20.75,23.75,8,0.005269752815365791
2896000,24.0,27.0,8,0.004662215709686279
2898000,25.75,28.75,8,0.006605484522879124
2900000,22.5,25.5,8,0.017709242179989815
2902000,17.88,20.88,8,0.005545537453144789
2904000,23.62,26.62,8,0.005192456301301718
2906000,19.62,22.62,8,0.0025389406364411116
2908000,16.5,19.5,8,0.009665623307228088
2910000,15.12,18.12,8,0.0055657303892076015
2912000,14.25,17.25,8,0.0039040243718773127
2914000,14.62,17.62,8,0.0064810714684426785
2916000,19.5,22.5,8,0.011459780856966972
2918000,21.38,24.38,8,0.0036977073177695274
2920000,13.12,16.12,8,0.009387720376253128
2922000,26.0,29.0,8,0.00847504660487175
2924000,19.5,22.5,8,0.013158248737454414
2926000,14.12,17.12,8,0.005497639998793602
2928000,18.88,21.88,8,0.03202264755964279
2930000,17.88,20.88,8,0.006620203610509634
2932000,14.75,17.75,8,0.004786945879459381
2934000,20.38,23.38,8,0.006320970132946968
2936000,28.12,31.12,8,0.0032498908694833517
2938000,16.5,19.5,8,0.007190538104623556
2940000,17.75,20.75,8,0.005059018265455961
2942000,13.12,16.12,8,0.019469916820526123
2944000,19.0,22.0,8,0.011221332475543022
2946000,16.5,19.5,8,0.017032280564308167
2948000,16.5,19.5,8,0.009844869375228882
2950000,19.12,22.12,8,0.010366369038820267
2952000,16.75,19.75,8,0.03664877638220787
2954000,17.44,20.44,9,0.005070370156317949
2956000,18.75,21.75,8,0.006043183151632547
2958000,18.62,21.62,8,0.005617680959403515
2960000,20.12,23.12,8,0.03460222855210304
2962000,14.25,17.25,8,0.003772956086322665
2964000,18.75,21.75,8,0.011114086024463177
2966000,23.12,26.12,8,0.004510920029133558
2968000,16.75,19.75,8,0.00901560578495264
2970000,11.88,14.88,8,0.002859926549717784
2972000,20.5,23.5,8,0.009793237783014774
2974000,16.38,19.38,8,0.033668968826532364
2976000,21.12,24.12,8,0.011890907771885395
2978000,18.25,21.25,8,0.008871638216078281
2980000,13.5,16.5,8,0.013634501956403255
2982000,12.62,15.62,8,0.004814770072698593
2984000,21.75,24.75,8,0.019617410376667976
2986000,17.75,20.75,8,0.004152295179665089
2988000,19.25,22.25,8,0.013017401099205017
2990000,19.89,22.89,9,0.0034320580307394266
2992000,18.88,21.88,8,0.007142902351915836
2994000,23.75,26.75,8,0.00617961073294282
2996000,13.38,16.38,8,0.011582154780626297
2998000,16.5,19.5,8,0.01255962997674942
3000000,19.0,22.0,8,0.0055726636201143265
